<?xml version="1.0" encoding="UTF-8"?>
<postacert tipo="posta-certificata" errore="nessuno">
    <intestazione>
        <mittente>arduino.buglioni@geopec.it</mittente>
        <destinatari tipo="certificato">valter.rossi@pecagrotecnici.it</destinatari>
        <risposte>arduino.buglioni@geopec.it</risposte>
        <oggetto>Condominio Costruzione Vittoria - convocazione assemblea del 05-06/10/2020</oggetto>
    </intestazione>
    <dati>
        <gestore-emittente>ARUBA PEC S.p.A.</gestore-emittente>
        <data zona="+0200">
            <giorno>29/09/2020</giorno>
            <ora>11:14:33</ora>
        </data>
        <identificativo>opec292.20200929111433.14206.259.1.86@pec.aruba.it</identificativo>
        <msgid>&lt;!&amp;!AAAAAAAAAAAYAAAAAAAAALJiWZWWEq1DrWg4SI/6huDCgAAAEAAAAGK2MBBZXKJPhIeNTuInhdoBAAAAAA==@geopec.it&gt;</msgid>
        <ricevuta tipo="completa" />
    </dati>
</postacert>
